{
  "analysis_parameters": {
    "annotator_noise_iou": 0.95,
    "mislabeled_aspect_ratio": 20.0,
    "mislabeled_tiny_norm": 1e-05,
    "mislabeled_image_area": 921600.0
  },
  "dataset_info": {
    "train_annotations": 69863,
    "val_annotations": 10000,
    "train_images_dir": "/Volumes/ajwahir_ext/ajwahir_ws/bosch_assignment/bosch_applied_cv_assignment/data/bdd100k_images_100k/bdd100k/images/100k/train",
    "val_images_dir": "/Volumes/ajwahir_ext/ajwahir_ws/bosch_assignment/bosch_applied_cv_assignment/data/bdd100k_images_100k/bdd100k/images/100k/val"
  },
  "file_existence": {
    "missing_per_split": {
      "train": 0,
      "val": 0
    },
    "total_per_split": {
      "train": 69863,
      "val": 10000
    }
  },
  "class_counts": {
    "traffic light": 213002,
    "traffic sign": 274594,
    "car": 815717,
    "person": 104611,
    "bus": 13269,
    "truck": 34216,
    "rider": 5166,
    "bike": 8217,
    "motor": 3454,
    "train": 151
  },
  "split_sizes": {
    "train_images": 70000,
    "val_images": 10000,
    "train_annotations": 69863,
    "val_annotations": 10000,
    "missing_image_annotations": -137
  },
  "bbox_stats": {
    "traffic light": {
      "count": 213002,
      "min": 1.0163187921420503e-06,
      "median": 0.0002852829204756822,
      "mean": 0.0005491841459462271,
      "max": 0.3284009436095878
    },
    "traffic sign": {
      "count": 274594,
      "min": 3.876032845590076e-06,
      "median": 0.00048202503295899113,
      "mean": 0.0013001798866548355,
      "max": 0.9957788313555263
    },
    "car": {
      "count": 815717,
      "min": 9.455421944641475e-07,
      "median": 0.0014963027048142084,
      "mean": 0.010219478346463239,
      "max": 0.6647625685877113
    },
    "person": {
      "count": 104611,
      "min": 2.5991563580651613e-06,
      "median": 0.001167660452702734,
      "mean": 0.0031865928306638158,
      "max": 0.3742814273693949
    },
    "bus": {
      "count": 13269,
      "min": 9.735555409282973e-06,
      "median": 0.0068247471369145205,
      "mean": 0.038574534502844496,
      "max": 0.8417363659870395
    },
    "truck": {
      "count": 34216,
      "min": 3.2522149543997676e-06,
      "median": 0.0060562050604276605,
      "mean": 0.0300866420980305,
      "max": 0.8992753713297003
    },
    "rider": {
      "count": 5166,
      "min": 6.078468945159709e-06,
      "median": 0.0019160127773202378,
      "mean": 0.006804607476293986,
      "max": 0.27912156789930853
    },
    "bike": {
      "count": 8217,
      "min": 4.0652572362207505e-06,
      "median": 0.002669674030152649,
      "mean": 0.006361372333895961,
      "max": 0.2962533230501653
    },
    "motor": {
      "count": 3454,
      "min": 3.361922893656228e-05,
      "median": 0.0026995556567629346,
      "mean": 0.008259870939994727,
      "max": 0.3433600682501556
    },
    "train": {
      "count": 151,
      "min": 5.593265828728727e-05,
      "median": 0.0062589367546460875,
      "mean": 0.04091556406848778,
      "max": 0.5429028168026762
    }
  },
  "cooccurrence": {
    "pair_counts": {
      "car|traffic light": 44431,
      "car|traffic sign": 64562,
      "traffic light|traffic sign": 39595,
      "person|traffic sign": 22020,
      "bus|car": 10151,
      "bus|traffic light": 6735,
      "bus|traffic sign": 8643,
      "car|person": 25033,
      "person|traffic light": 18869,
      "car|truck": 21435,
      "traffic sign|truck": 17806,
      "bus|person": 4779,
      "bus|truck": 3627,
      "person|truck": 8624,
      "traffic light|truck": 12498,
      "bike|bus": 988,
      "bike|car": 4865,
      "bike|person": 3637,
      "bike|rider": 2764,
      "bike|traffic light": 3809,
      "bike|traffic sign": 4360,
      "bus|rider": 825,
      "car|rider": 4054,
      "person|rider": 2672,
      "rider|traffic light": 3080,
      "rider|traffic sign": 3589,
      "bike|truck": 1715,
      "rider|truck": 1345,
      "car|motor": 2593,
      "motor|person": 1412,
      "motor|rider": 1457,
      "motor|traffic light": 1672,
      "car|train": 117,
      "traffic sign|train": 100,
      "motor|traffic sign": 2202,
      "bike|motor": 449,
      "bus|motor": 464,
      "motor|truck": 655,
      "bike|train": 7,
      "person|train": 46,
      "rider|train": 5,
      "traffic light|train": 67,
      "train|truck": 36,
      "bus|train": 15,
      "motor|train": 5
    },
    "conditional": {
      "car": {
        "traffic light": 0.5627667793948145,
        "traffic sign": 0.8177477169383541,
        "bus": 0.12857341895606136,
        "person": 0.3170700814429203,
        "truck": 0.2714975111144887,
        "bike": 0.06162049879038897,
        "rider": 0.051348304644653016,
        "motor": 0.03284315588149612,
        "train": 0.0014819318311357678
      },
      "traffic light": {
        "car": 0.9897750055691691,
        "traffic sign": 0.8820449988861662,
        "bus": 0.15003341501447984,
        "person": 0.42033860548006236,
        "truck": 0.2784139006460236,
        "bike": 0.08485186010247271,
        "rider": 0.06861216306527067,
        "motor": 0.03724660280686121,
        "train": 0.0014925373134328358
      },
      "traffic sign": {
        "car": 0.9875640535372849,
        "traffic light": 0.60565965583174,
        "person": 0.3368260038240918,
        "bus": 0.13220650095602293,
        "truck": 0.27236711281070747,
        "bike": 0.06669216061185468,
        "rider": 0.05489866156787763,
        "train": 0.0015296367112810707,
        "motor": 0.03368260038240918
      },
      "person": {
        "traffic sign": 0.8704933586337761,
        "car": 0.9896030993042378,
        "traffic light": 0.7459282099936749,
        "bus": 0.18892314990512335,
        "truck": 0.34092346616065783,
        "bike": 0.14377767235926628,
        "rider": 0.105629348513599,
        "motor": 0.0558191018342821,
        "train": 0.0018184693232131562
      },
      "bus": {
        "car": 0.9917928676111383,
        "traffic light": 0.6580361504640938,
        "traffic sign": 0.8444553004396678,
        "person": 0.46692721055202735,
        "truck": 0.3543722520762091,
        "bike": 0.0965315095261358,
        "rider": 0.0806057645334636,
        "motor": 0.045334636052760134,
        "train": 0.0014655593551538837
      },
      "truck": {
        "car": 0.9933268455442792,
        "traffic sign": 0.8251540849900366,
        "bus": 0.16808007785346865,
        "person": 0.39964780573705916,
        "traffic light": 0.5791741971361045,
        "bike": 0.07947541591361973,
        "rider": 0.06232911627044812,
        "motor": 0.030353584503452432,
        "train": 0.00166828861393021
      },
      "bike": {
        "bus": 0.20077220077220076,
        "car": 0.9886201991465149,
        "person": 0.7390774232879496,
        "rider": 0.5616744564112985,
        "traffic light": 0.7740296687665109,
        "traffic sign": 0.8859987807356229,
        "truck": 0.3485064011379801,
        "motor": 0.09124161755740703,
        "train": 0.001422475106685633
      },
      "rider": {
        "bike": 0.6739819556205804,
        "bus": 0.2011704462326262,
        "car": 0.9885393806388686,
        "person": 0.6515484028285784,
        "traffic light": 0.7510363326018045,
        "traffic sign": 0.8751524018532065,
        "truck": 0.3279687881004633,
        "motor": 0.35527920019507436,
        "train": 0.00121921482565228
      },
      "motor": {
        "car": 0.9904507257448434,
        "person": 0.5393430099312452,
        "rider": 0.5565317035905272,
        "traffic light": 0.6386554621848739,
        "traffic sign": 0.841100076394194,
        "bike": 0.1715049656226127,
        "bus": 0.17723453017570664,
        "truck": 0.25019098548510316,
        "train": 0.0019098548510313217
      },
      "train": {
        "car": 0.9831932773109243,
        "traffic sign": 0.8403361344537815,
        "bike": 0.058823529411764705,
        "person": 0.3865546218487395,
        "rider": 0.04201680672268908,